{
    "accuracy": 0.9935483870967742,
    "precision": 0.9923371647509579,
    "recall": 1.0
}